avg_trip_duration,avg_trip_distance
647.878443877551,1.3286451234406202
707.4497512437811,1.351500649027415
